Client,Email,Contact Name,Subject
Harrington Grove Estate,ashley@adrmanagement.com.au,Ashley,Weekly Schedule
Camden Council,kaitlyn.furze@camden.nsw.gov.au; Grant.dell@camden.nsw.gov.au,Kaitlyn,Weekly Schedule
Camden Council,steven.robertson@camden.nsw.gov.au; joe.stammers@camden.nsw.gov.au,Steven,Weekly Schedule
Camden Council,andrew.gleeson@camden.nsw.gov.au; Grant.dell@camden.nsw.gov.au,Andrew,Weekly Schedule
Western Sydney Parklands,zach.muldoon@gsp.nsw.gov.au,Zach,Weekly Schedule
Soil Conservation Service,kirby.duff@scs.nsw.gov.au,Kirby,Weekly Schedule
Mulgoa Landcare,lisa@mulgoalandcare.org.au,Lisa,Weekly Schedule
Benaiah,sam.emerson@benaiah.com.au,Sam,Weekly Schedule
Liverpool Council,coogank@liverpool.nsw.gov.au,Kyran,Weekly Schedule
Shaun Grimston,grimston83@gmail.com,Shaun,Weekly Schedule
Singleton Council,mmoy@singleton.nsw.gov.au,Mitch,Weekly Schedule
Mt Annan Botanic Gardens,david.khoury@botanicgardens.nsw.gov.au,David,Weekly Schedule
Western Sydney Parklands,Amara.Glynn@gsp.nsw.gov.au,Amara,Weekly Schedule
,Grant.dell@camden.nsw.gov.au,Grant,Weekly Schedule
